AIRPORT,DOMESTIC_RANK
A,1.9840707964601763
B,3.1221238938053086
C,1.3008849557522117
